Titulo,Preco,Regiao,Url
iPhone 11 64g,1400.0,Goiânia Alto da Glória,https://go.olx.com.br/grande-goiania-e-anapolis/celulares/iphone-11-64g-1154390912
iPhone 11,1500.0,Anápolis Jardim Alexandrina,https://go.olx.com.br/grande-goiania-e-anapolis/celulares/iphone-11-1153287891
IPHONE 11 - 256 gb ,1500.0,Goiânia Setor Garavelo,https://go.olx.com.br/grande-goiania-e-anapolis/celulares/iphone-11-256-gb-1154236699
Iphone 11 ,1600.0,Aparecida de Goiânia Setor Central,https://go.olx.com.br/grande-goiania-e-anapolis/celulares/iphone-11-1154299500
iPhone 11,1700.0,Goiânia Setor Bueno,https://go.olx.com.br/grande-goiania-e-anapolis/celulares/iphone-11-1152342853
iPhone 11 64gb ,1750.0,Anápolis Antônio Fernandes,https://go.olx.com.br/grande-goiania-e-anapolis/celulares/iphone-11-64gb-1148507180
iPhone 11,1800.0,Goiânia Parque João Braz - Cidade Industrial,https://go.olx.com.br/grande-goiania-e-anapolis/celulares/iphone-11-1153336000
iPhone 11 barato ,1800.0,Goiânia Setor Bueno,https://go.olx.com.br/grande-goiania-e-anapolis/celulares/iphone-11-barato-1152371986
iPhone 11 64GB ,1800.0,Goiânia Setor Sul,https://go.olx.com.br/grande-goiania-e-anapolis/celulares/iphone-11-64gb-1154341917
iPhone 11 256 Gb Único dono ,1800.0,Goiânia Parque João Braz - Cidade Industrial,https://go.olx.com.br/grande-goiania-e-anapolis/celulares/iphone-11-256-gb-unico-dono-1150851110
IPhone 11 pro Gold 265GB ,1900.0,Goiânia Jardim Atlântico,https://go.olx.com.br/grande-goiania-e-anapolis/celulares/iphone-11-pro-gold-265gb-1152347347
iPhone 11 ,1900.0,Goiânia Jardim Atlântico,https://go.olx.com.br/grande-goiania-e-anapolis/celulares/iphone-11-1152163031
Iphone 11 pro Max 64gb sem face id,1900.0,Goiânia Residencial Porto Dourado,https://go.olx.com.br/grande-goiania-e-anapolis/celulares/iphone-11-pro-max-64gb-sem-face-id-1154308246
iPhone 11 branco 128gb somente venda ,1900.0,Goiânia Parque Dom Ricardo,https://go.olx.com.br/grande-goiania-e-anapolis/moveis/iphone-11-branco-128gb-somente-venda-1154250224
iPhone 11 Pro pego prata de pulso grossa,1900.0,Goiânia Conjunto Vera Cruz,https://go.olx.com.br/grande-goiania-e-anapolis/bijouteria-relogios-e-acessorios/iphone-11-pro-pego-prata-de-pulso-grossa-1154249653
iPhone 11 zero 64 gb todo original R$1.980 vender rapido,1980.0,Goiânia Setor Gentil Meireles,https://go.olx.com.br/grande-goiania-e-anapolis/celulares/iphone-11-zero-64-gb-todo-original-r-1-980-vender-rapido-1147412377
iPhone 11 Pro ,2000.0,Aparecida de Goiânia Setor Residencial Campos Elísios,https://go.olx.com.br/grande-goiania-e-anapolis/celulares/iphone-11-pro-1133559494
Iphone 11,2000.0,Trindade Conjunto Dona Iris II,https://go.olx.com.br/grande-goiania-e-anapolis/celulares/iphone-11-1151490879
iPhone 11 só pix e dinheiro ,2000.0,Goiânia São Francisco,https://go.olx.com.br/grande-goiania-e-anapolis/celulares/iphone-11-so-pix-e-dinheiro-1154334568
IPhone 11 Pro,2000.0,Goiânia Setor Novo Horizonte,https://go.olx.com.br/grande-goiania-e-anapolis/celulares/iphone-11-pro-1154316003
iPhone 11 ,2000.0,Goiânia Vila Romana,https://go.olx.com.br/grande-goiania-e-anapolis/celulares/iphone-11-1147498153
iPhone 11 64GB ,2000.0,Goiânia Setor Novo Horizonte,https://go.olx.com.br/grande-goiania-e-anapolis/celulares/iphone-11-64gb-1154230295
Iphone 11 64 Gb branco. Sem detalhes. ,2050.0,Goiânia Setor Negrão de Lima,https://go.olx.com.br/grande-goiania-e-anapolis/celulares/iphone-11-64-gb-branco-sem-detalhes-1149648461
iPhone 11 64gb,2050.0,Goiânia Setor Rio Formoso,https://go.olx.com.br/grande-goiania-e-anapolis/celulares/iphone-11-64gb-1152128752
IPhone 11 64 GB + 4 Brindes + 90 Dias de Garantia,2099.0,Goiânia Setor Bueno,https://go.olx.com.br/grande-goiania-e-anapolis/celulares/iphone-11-64-gb-4-brindes-90-dias-de-garantia-1150688744
Iphone 11,2100.0,Goiânia Setor Bela Vista,https://go.olx.com.br/grande-goiania-e-anapolis/celulares/iphone-11-1147617242
iPhone 11 64Gb top,2100.0,Goiânia Residencial Solar Bougainville,https://go.olx.com.br/grande-goiania-e-anapolis/celulares/iphone-11-64gb-top-1154350865
iPhone 11 128gb ,2100.0,Goiânia Setor Campinas,https://go.olx.com.br/grande-goiania-e-anapolis/celulares/iphone-11-128gb-1154305073
iPhone 11 64G,2100.0,Goiânia Setor Leste Vila Nova,https://go.olx.com.br/grande-goiania-e-anapolis/celulares/iphone-11-64g-1150710121
iPhone 11 zero ,2100.0,Aparecida de Goiânia Parque das Nações,https://go.olx.com.br/grande-goiania-e-anapolis/celulares/iphone-11-zero-1147391136
Iphone 11 64 Gb,2100.0,Goiânia Parque Santa Rita,https://go.olx.com.br/grande-goiania-e-anapolis/celulares/iphone-11-64-gb-1154242583
iPhone 11 64gb preto,2150.0,Anápolis Parque Brasília 2ª Etapa,https://go.olx.com.br/grande-goiania-e-anapolis/celulares/iphone-11-64gb-preto-1154261134
iPhone 11 - 64gb,2150.0,Anápolis Centro,https://go.olx.com.br/grande-goiania-e-anapolis/celulares/iphone-11-64gb-1147713296
IPhone 11 256/128/64 GB + 4 Brindes + Garantia,2199.0,Goiânia Setor Bueno,https://go.olx.com.br/grande-goiania-e-anapolis/celulares/iphone-11-256-128-64-gb-4-brindes-garantia-1148541727
Vendo Iphone 11,2200.0,Goiânia Parque Amazônia,https://go.olx.com.br/grande-goiania-e-anapolis/celulares/vendo-iphone-11-1145888364
Iphone 11 64Gb Branco,2200.0,Aparecida de Goiânia Jardim Helvécia,https://go.olx.com.br/grande-goiania-e-anapolis/celulares/iphone-11-64gb-branco-1146673571
iPhone  11 64 gb,2200.0,Goiânia Jardim Balneário Meia Ponte,https://go.olx.com.br/grande-goiania-e-anapolis/celulares/iphone-11-64-gb-1146705873
IPhone 11 64gb ,2200.0,Goiânia Residencial São Leopoldo,https://go.olx.com.br/grande-goiania-e-anapolis/celulares/iphone-11-64gb-1133575182
iPhone 11 zero 128 gb com nota fiscal R$2.250,2250.0,Goiânia Setor Gentil Meireles,https://go.olx.com.br/grande-goiania-e-anapolis/celulares/iphone-11-zero-128-gb-com-nota-fiscal-r-2-250-1147420534
iPhone 11 64 gb zero,2250.0,Aparecida de Goiânia Setor Serra Dourada - 3ª Etapa,https://go.olx.com.br/grande-goiania-e-anapolis/celulares/iphone-11-64-gb-zero-1150737087
iPhone 11 128GB ,2290.0,Goiânia Parque Anhanguera II,https://go.olx.com.br/grande-goiania-e-anapolis/celulares/iphone-11-128gb-1152213029
IPHONE 11 TODAS AS CORES LOJA FÍSICA ,2299.0,Goiânia Setor Castelo Branco,https://go.olx.com.br/grande-goiania-e-anapolis/celulares/iphone-11-todas-as-cores-loja-fisica-1148473562
IPhone 11 64 GB + 4 Brindes + Garantia,2299.0,Goiânia Setor Bueno,https://go.olx.com.br/grande-goiania-e-anapolis/celulares/iphone-11-64-gb-4-brindes-garantia-1133485203
Iphone 11 Branco - 64gb,2300.0,Goiânia Setor Bueno,https://go.olx.com.br/grande-goiania-e-anapolis/celulares/iphone-11-branco-64gb-1147727080
iPhone 11 ,2300.0,Goiânia Residencial Jardim Belvedere Expansão,https://go.olx.com.br/grande-goiania-e-anapolis/celulares/iphone-11-1153337280
iPhone 11,2300.0,Goiânia Setor Pedro Ludovico,https://go.olx.com.br/grande-goiania-e-anapolis/celulares/iphone-11-1154282848
IPhone 11 128gb semi novo 90% bateria,2350.0,Aparecida de Goiânia Sítios Santa Luzia Residencial,https://go.olx.com.br/grande-goiania-e-anapolis/celulares/iphone-11-128gb-semi-novo-90-bateria-1154337653
Iphone 11 128 gb,2350.0,Goiânia Vila Redenção,https://go.olx.com.br/grande-goiania-e-anapolis/celulares/iphone-11-128-gb-1154272998
iPhone 11 - 64GB (Oportunidade),2350.0,Anápolis Parque das Nações,https://go.olx.com.br/grande-goiania-e-anapolis/celulares/iphone-11-64gb-oportunidade-1154231625
iPhone 11 - 64GB (Impecável),2350.0,Anápolis Parque das Nações,https://go.olx.com.br/grande-goiania-e-anapolis/celulares/iphone-11-64gb-impecavel-1154228204
iPhone 11 ,2360.0,Goiânia Setor Campinas,https://go.olx.com.br/grande-goiania-e-anapolis/celulares/iphone-11-1110724423
IPhone 11 de 64  gb,2399.0,Senador Canedo Setor Castro's,https://go.olx.com.br/grande-goiania-e-anapolis/celulares/iphone-11-de-64-gb-1149861853
iPhone 11 64gb completo todo original ,2400.0,Goiânia Residencial Aquários II,https://go.olx.com.br/grande-goiania-e-anapolis/celulares/iphone-11-64gb-completo-todo-original-1152332398
iPhone 11 128gigas,2400.0,Goiânia Jardim Real,https://go.olx.com.br/grande-goiania-e-anapolis/celulares/iphone-11-128gigas-1149210830
iPhone 11 Pro,2400.0,Goiânia Santa Genoveva,https://go.olx.com.br/grande-goiania-e-anapolis/celulares/iphone-11-pro-1154248826
iPhone 11 PRO ZERO 256 gb tudo ok R$2.450 vender logo,2450.0,Goiânia Setor Gentil Meireles,https://go.olx.com.br/grande-goiania-e-anapolis/celulares/iphone-11-pro-zero-256-gb-tudo-ok-r-2-450-vender-logo-1153142363
iPhone 11  pro 64 gb todo original R$2.470,2450.0,Goiânia Setor Gentil Meireles,https://go.olx.com.br/grande-goiania-e-anapolis/celulares/iphone-11-pro-64-gb-todo-original-r-2-470-1133531955
iPhone 11 branco 128gb,2499.0,Goiânia Setor Campinas,https://go.olx.com.br/grande-goiania-e-anapolis/celulares/iphone-11-branco-128gb-1146530152
IPHONE 11 128GB PROMOÇÃO IMPERDÍVEL,2499.0,Goiânia Jardim América,https://go.olx.com.br/grande-goiania-e-anapolis/celulares/iphone-11-128gb-promocao-imperdivel-1146752229
VENDO IPHONE 11 NOVINHO SEM NENHUM DETALHE ,2500.0,Anápolis Vila Jayara,https://go.olx.com.br/grande-goiania-e-anapolis/celulares/vendo-iphone-11-novinho-sem-nenhum-detalhe-1154410051
iPhone 11 128gb ,2500.0,Goiânia Residencial Canadá,https://go.olx.com.br/grande-goiania-e-anapolis/celulares/iphone-11-128gb-1153400517
iPhone 11 Pro Max,2500.0,Anápolis Boa Vista,https://go.olx.com.br/grande-goiania-e-anapolis/celulares/iphone-11-pro-max-1153068635
IPhone 11 256 Gb,2500.0,Aparecida de Goiânia Sítios Santa Luzia Residencial,https://go.olx.com.br/grande-goiania-e-anapolis/celulares/iphone-11-256-gb-1152421630
iPhone 11 64gb (Com nota fiscal e Caixa!),2500.0,Goiânia Setor Bueno,https://go.olx.com.br/grande-goiania-e-anapolis/celulares/iphone-11-64gb-com-nota-fiscal-e-caixa-1151649602
iPhone 11 Pro 2.50000,2500.0,Aparecida de Goiânia Setor dos Afonsos,https://go.olx.com.br/grande-goiania-e-anapolis/celulares/iphone-11-pro-2-500-00-1154315755
iPhone 11 128 gb,2500.0,Goiânia Setor Central,https://go.olx.com.br/grande-goiania-e-anapolis/celulares/iphone-11-128-gb-1152403344
iPhone 11 Pro Max ,2500.0,Goiânia Setor Novo Horizonte,https://go.olx.com.br/grande-goiania-e-anapolis/celulares/iphone-11-pro-max-1154230546
iPhone 11 128 GB,2550.0,Goiânia Setor Marechal Rondon,https://go.olx.com.br/grande-goiania-e-anapolis/celulares/iphone-11-128-gb-1154411996
